Borough,Neighborhood,Lat,Lng,ID,Name,Likes,Rating,Tips
Bronx,Eastchester,40.884688,-73.826647,4f44d4d419836ed00196d410,Hostess Cakes,0,0,0
Bronx,Kingsbridge,40.87783170338122,-73.90266884096424,4debd81822713dd973b85876,Sugarboy Bakery Cafe,15,7.8,0
Bronx,Kingsbridge,40.88479273266669,-73.89986081581755,4cab0bf1d971b1f7873327e1,S & S Cheesecake,12,7.5,2
Bronx,Woodlawn,40.89918283532642,-73.867552759052,4b79c7c2f964a5209b112fe3,Angelica's Bakery,0,0,0
Bronx,University Heights,40.858061919548035,-73.91203969692151,4e5f8bde45dd4656dd97be19,Au Bon Pain,2,6.3,1
Bronx,Fordham,40.859725301922786,-73.89726689544588,51a3c054498e210b7bf17b93,Baskin Robbins Bronx,0,6.7,0
Bronx,Mott Haven,40.803867,-73.920739,4f3248bb19836c91c7c88252,Zaros Bread Basket,0,0,0
Bronx,Morrisania,40.822081,-73.900749,4bc3300674a9a5931826d4f6,Amor Bakery,7,7.6,2
Bronx,Morrisania,40.82138361325564,-73.89697981088045,4cfd3a8834c1a093d24f4f0e,National Bakery,0,0,0
Bronx,Van Nest,40.84391711249332,-73.8672042324278,50cc16a8e4b0981e02c95c18,E&V Italian Bread Bakery,0,0,0
Bronx,Van Nest,40.845735,-73.866306,4e31884ad4c0b2aebf7177ff,Ronald Pitusa Bakery,0,0,0
Bronx,Morris Park,40.849240623263306,-73.85361329249675,4bbf3ae8f353d13a5f397e10,Joseph Scaglione Bakery,11,7.0,6
Bronx,Morris Park,40.84831126620576,-73.85589794483205,4c348cea213c2d7ff79e385d,Morris Park Bake Shop,6,6.4,3
Bronx,Belmont,40.85441232476012,-73.88851590024353,4bb6496e46d4a59398fdc5c0,Madonia Bakery,69,8.7,29
Bronx,Belmont,40.85514224140267,-73.88697184841936,4af1a473f964a520c5e121e3,Egidio Pastry Shop,39,8.0,15
Bronx,Belmont,40.85449717034133,-73.88759144753934,4b366de6f964a5202d3525e3,Addeo & Sons Bakery,23,8.1,11
Bronx,Belmont,40.854324604875096,-73.88511207332353,4ab52b10f964a520f37220e3,Artuso Pastry Shop,68,8.9,25
Bronx,Belmont,40.8542927142093,-73.88513190462093,4c823993d8086dcbc8207452,Terranova Bakery,13,7.6,8
Bronx,Pelham Bay,40.847119272159645,-73.83205709805584,4c9205941adc370460a134d1,Zeppieri & Sons Italian Bakery,29,9.3,10
Bronx,Concourse,40.83336858139031,-73.91445285669495,4c9bb31e9975a1438f922bcf,Marinells Bakery,4,7.1,8
Brooklyn,Bensonhurst,40.613940136924604,-73.99935895452214,4b972c7cf964a52008fb34e3,Il Fornaretto Bakery,9,8.0,1
Brooklyn,Sunset Park,40.648016864662765,-74.01084252540383,4b8d36cbf964a520bbed32e3,Don Paco Lopez Panaderia,10,8.0,0
Brooklyn,Sunset Park,40.64757445977959,-74.00777573866056,4ad24975f964a520b4e020e3,La Gran Via Bakery,17,7.9,19
Brooklyn,Sunset Park,40.64924978201449,-74.00954391029605,4bb15325f964a520608c3ce3,Savoy Bakery,8,7.0,2
Brooklyn,Greenpoint,40.73169700683398,-73.954432692519,4be6fef12468c928b2ef0143,Rzeszowska Bakery,14,7.7,6
Brooklyn,Greenpoint,40.733314122944364,-73.95479140606002,59c68c0c4382ab16da7cf734,Brooklyn Whiskers,12,8.4,5
Brooklyn,Greenpoint,40.729707682840896,-73.95954448458306,4c4bbf66c668e21ec3a57afa,Ovenly,394,9.4,100
Brooklyn,Gravesend,40.59686348860613,-73.97451511824467,4da602dacda1b0253fe9192e,Nuccios Bakery,8,7.6,3
Brooklyn,Gravesend,40.59649470791817,-73.97816561754584,4c75a5ed3adda143830208af,Elegante Pastry Shop,5,6.2,3
Brooklyn,Brighton Beach,40.576448,-73.967481,51799baae4b0e3bd46874775,Berikoni - Brick Oven Bread,3,6.2,6
Brooklyn,Manhattan Terrace,40.618274429336985,-73.9576887663316,4f43ce2d19836ed00190bd11,Avenue M Kosher Bagels,0,0,0
Brooklyn,Crown Heights,40.66805347569283,-73.94243991715994,4b50addbf964a520132d27e3,Gombo's Bakery,7,6.4,9
Brooklyn,East Flatbush,40.64168548237491,-73.93709290652112,5620226b498eeefe09a24ab1,Tasty Delicious Bakery & Restaurant,0,0,0
Brooklyn,Kensington,40.642773844669684,-73.9795729725447,4d6002cb5c39b1f79fc8fe49,Kabir's Bakery,5,6.8,1
Brooklyn,Windsor Terrace,40.65886137286639,-73.98188883892442,4ac787f5f964a520c9b720e3,Regina Bakery Inc.,17,7.4,8
Brooklyn,Prospect Heights,40.67846761615478,-73.9686844966458,548eeada498e4c3cf0acd057,Little Cupcake Bakeshop,143,8.9,27
Brooklyn,Prospect Heights,40.67507145714611,-73.96326024319478,4a9e748df964a5203a3a20e3,Little Miss Muffin 'n' Her Stuffin',16,7.8,13
Brooklyn,Prospect Heights,40.6769837367021,-73.96919916266556,44f9a2c4f964a52066381fe3,Joyce Bakeshop,135,8.3,76
Brooklyn,Williamsburg,40.70565963167382,-73.95971494053042,4c669eccd3899c748caefb29,Kaff's Bake Shop,0,0,0
Brooklyn,Bushwick,40.701524785180005,-73.92321494801541,4af0b371f964a5205cde21e3,Circo's Pastry Shop,55,8.6,21
Brooklyn,Bushwick,40.69558493158839,-73.92924436745504,5702a4d1498ec2255b795cfe,brooklyn whiskers,37,7.8,18
Brooklyn,Bushwick,40.69997562236325,-73.92798179210126,54bac253498e94c7a5201b01,Bushwick Bakery,36,6.7,10
Brooklyn,Brooklyn Heights,40.69510069703266,-73.99454265832895,4f86cb13e4b05dd564791c7d,Le Pain Quotidien,143,7.7,39
Brooklyn,Brooklyn Heights,40.69216629075083,-73.99109172940383,56a122d6498eb97a32f045d4,Maison Kayser,87,7.6,21
Brooklyn,Cobble Hill,40.685528866308935,-74.00244449331758,4a8814faf964a520210520e3,Margaret Palca Bakes,21,7.3,12
Brooklyn,Cobble Hill,40.691021,-73.996024,5bd8a65cbfc6d0002c47b7c5,Amy’s Bread,5,7.0,2
Brooklyn,Carroll Gardens,40.68194002100747,-73.99609790259039,4a69cfeaf964a52015cc1fe3,Monteleone's Bakery,91,8.7,44
Brooklyn,Carroll Gardens,40.682972506411595,-73.99559695307425,3fd66200f964a52075eb1ee3,Caputo Bakery,69,8.1,33
Brooklyn,Carroll Gardens,40.684067,-73.995377,4a75f1d7f964a520c1e11fe3,Court Pastry Shop,57,8.6,31
Brooklyn,Carroll Gardens,40.679051368238945,-73.99749995699847,4a0db3fdf964a52090751fe3,Brooklyn Bread Cafe,30,6.7,36
Brooklyn,Red Hook,40.67695855746999,-74.01332712873493,44dc6750f964a520a6361fe3,Baked,291,9.0,135
Brooklyn,Park Slope,40.67535345399024,-73.97495903554368,4b7d51f3f964a52013b82fe3,Cousin John's Cafe and Bakery,141,8.4,55
Brooklyn,Park Slope,40.674793966895685,-73.98164349662366,54fb8727498e954a056089b3,Buttermilk Bake Shop,46,8.3,10
Brooklyn,Bath Beach,40.60196235708771,-73.99402451118084,4f09f19ae4b0596c9037594a,Golden Bun Bakery,9,7.8,4
Brooklyn,Clinton Hill,40.69312612183015,-73.96886267638764,4aeb55fcf964a5201ac121e3,Connecticut Muffin,29,7.4,19
Brooklyn,Downtown,40.691364121289034,-73.98242090218575,595183c718d43b1841112628,Dulcinea Churros & Co.,16,7.8,6
Brooklyn,Downtown,40.6863845552732,-73.98335021420114,4a14b462f964a5206a781fe3,Betty Bakery,72,8.1,34
Brooklyn,Boerum Hill,40.6863845552732,-73.98335021420114,4a14b462f964a5206a781fe3,Betty Bakery,72,8.1,34
Brooklyn,Boerum Hill,40.68618760796575,-73.97870742631682,5a7660bd646e381165cede73,Orwasher’s Bakery,19,7.6,2
Brooklyn,Prospect Lefferts Gardens,40.661635970833835,-73.95362966469325,551713b2498e2dd5c04ca7eb,Pels Pie Co.,71,8.5,17
Brooklyn,Prospect Lefferts Gardens,40.66060287393142,-73.95060598202767,4b47bad2f964a5203d3c26e3,Allan's Bakery,83,8.6,28
Brooklyn,Prospect Lefferts Gardens,40.659950256347656,-73.95052337646484,5532bd18498e3b259fe602c3,I.M. Pastry Studio,6,7.1,3
Brooklyn,Prospect Lefferts Gardens,40.65930002138931,-73.96057419048526,53fa2073498e47b1dc5aeb67,Cinnamon Girl,30,6.9,16
Brooklyn,Ocean Hill,40.67530979932838,-73.91315575832215,4dc20c4cb0fb490416a7af8e,Tower Isle Patties,11,8.6,5
Brooklyn,Midwood,40.62518492051833,-73.96155859443336,4ba695aef964a520706039e3,Isaac's Bakery,3,6.6,3
Brooklyn,East Williamsburg,40.70765814420951,-73.9402181654083,4a5f65cef964a52081bf1fe3,Stella di Sicilia Bakery,31,8.0,24
Brooklyn,East Williamsburg,40.70750668361995,-73.94267410039902,56b89eb438fa514c68e8a175,Luckybird Bakery,40,8.9,8
Brooklyn,East Williamsburg,40.70440244823257,-73.93663831926226,566c89bb498efb2d852c92f1,Brooklyn Bread Lab,15,8.7,4
Brooklyn,North Side,40.71491765773706,-73.96078966354644,57f2b5a5498eb5093e5fb8bb,Martha's Country Bakery,236,8.6,44
Brooklyn,North Side,40.71780489376748,-73.95912777472056,5241e37c498e5ed64d425a21,Caprices by Sophie,136,9.1,55
Brooklyn,North Side,40.71673082800953,-73.95893920263242,4197f180f964a520151e1fe3,Fabiane's Cafe & Pastry Shop,168,7.9,103
Brooklyn,Ocean Parkway,40.611547,-73.973092,4f3558dfe4b0aee3b3f81083,The Pond,0,0,0
Brooklyn,Fort Hamilton,40.6167545562255,-74.03085571890367,541af677498eaa82cbfe98e2,Pasticceria Rocco,22,8.2,4
Manhattan,Chinatown,40.71676493044495,-73.99787389276216,482c4142f964a520d14f1fe3,Fay Da Bakery,132,8.6,56
Manhattan,Chinatown,40.71551985009458,-73.9979727016834,49d55b3bf964a5208d5c1fe3,Mei Li Wah,241,8.2,141
Manhattan,Chinatown,40.71744962394581,-73.99837323694786,3fd66200f964a520bce61ee3,La Bella Ferrara,161,9.1,91
Manhattan,Washington Heights,40.85101361568652,-73.93859158137181,4a5b2d43f964a520eaba1fe3,181st St Bakery & Deli,11,7.8,8
Manhattan,Washington Heights,40.85104558248512,-73.93864460474616,4b5882bef964a520595b28e3,Fort Washington Bakery & Deli,3,7.2,5
Manhattan,Washington Heights,40.84778119590665,-73.93785127878681,4bc33a67461576b0574d7e32,Floridita Broadway Bakery,8,7.1,7
Manhattan,Washington Heights,40.847986735591036,-73.93477616565791,4a511650f964a52090b01fe3,El Panadero Bakery,6,6.9,6
Manhattan,Inwood,40.86839571994423,-73.91874220036571,56e5e266498e0421902ee559,ChocNYC,24,9.1,7
Manhattan,Inwood,40.866035195034456,-73.91939635323097,4be6f989d4f7c9b62e472720,Bizcocho De Colores,14,7.6,6
Manhattan,Hamilton Heights,40.82376255,-73.94924336666666,4b0ea09ef964a520145923e3,Sweet Chef Southern Style Bakery,7,7.8,5
Manhattan,Hamilton Heights,40.82748808582801,-73.949618067467,572e30ddcd104595c82ca52e,Hamilton's Bakery,65,7.9,18
Manhattan,Central Harlem,40.81814225520782,-73.94776996381482,4af18e26f964a52056e121e3,T&J Bakery & Cafe,0,0,0
Manhattan,East Harlem,40.79445562343889,-73.94352574749051,4a6eefe5f964a52019d51fe3,Savoy Bakery,42,7.9,28
Manhattan,East Harlem,40.792936553481525,-73.94070249214566,53284a5711d2f453ca04756b,Bosie Bakery,14,7.5,10
Manhattan,East Harlem,40.79378547424904,-73.9401543568426,5534fe8f498e91f785e191b2,Brothers Bakery & Cafe,22,7.8,6
Manhattan,East Harlem,40.79197800258682,-73.93828014505316,4ad37305f964a52078e420e3,La Tropezienne Bakery,39,7.7,22
Manhattan,Upper East Side,40.7756192,-73.9621861,4ae37940f964a520869521e3,Lady M Cake Boutique,393,9.0,125
Manhattan,Upper East Side,40.778562,-73.960493,4a22cfd3f964a5208d7d1fe3,William Greenberg Desserts,71,8.6,39
Manhattan,Upper East Side,40.777947796529745,-73.9566690328144,563d373fcd103c7d686a2217,By the Way Bakery,20,8.6,6
Manhattan,Upper East Side,40.77131932572194,-73.95959246401709,4fc95a1ee4b0f9aeca457705,Maison Kayser,476,9.1,153
Manhattan,Yorkville,40.77752327640072,-73.95176142454146,4a06f82df964a52010731fe3,Two Little Red Hens,767,9.5,342
Manhattan,Yorkville,40.777022372545346,-73.95235689544947,4a80d0fff964a52040f61fe3,Andre's Cafe & European Bakery,21,7.8,26
Manhattan,Lenox Hill,40.77131932572194,-73.95959246401709,4fc95a1ee4b0f9aeca457705,Maison Kayser,476,9.1,153
Manhattan,Lenox Hill,40.7652354210648,-73.95791343863608,5581fad7498e47b6da131619,Padoca Bakery,2,8.6,36
Manhattan,Upper West Side,40.78818503032675,-73.9746944476325,570f90ad498e7b1f241b1d93,Kirsh Bakery and Kitchen,67,8.2,23
Manhattan,Upper West Side,40.78455538760141,-73.9773885919887,57c631d0498eba4164616ff7,Orwasher's Bakery,107,9.2,25
Manhattan,Upper West Side,40.79096472529555,-73.97449103418757,52cc3c60498e9ec88e3334d2,By the Way Bakery,47,8.5,29
Manhattan,Lincoln Square,40.7710295,-73.98180789999999,56ba9f99498ef6f5b55a33dc,Breads Bakery - Lincoln Center,159,9.2,38
Manhattan,Lincoln Square,40.77563667082563,-73.9801535759707,4a271f0bf964a5205b911fe3,Magnolia Bakery,667,9.0,273
Manhattan,Clinton,40.76007,-73.990815,4fab5090e4b0eeffb5c77119,Schmackary's,902,9.1,276
Manhattan,Midtown,40.75465936717608,-73.98416404927498,5581f0a3498ebf2e88c9f849,Breads Bakery - Bryant Park Kiosk,45,8.6,8
Manhattan,Midtown,40.752361229901794,-73.98262560367584,527e819a11d281648dd93142,Maison Kayser,456,9.1,84
Manhattan,Midtown,40.752818400311845,-73.98358047008514,51deeb27498e0bcc94b6538c,Lady M Cake Boutique,416,8.6,103
Manhattan,Murray Hill,40.744996830649896,-73.97867463901457,4edeade7775bb52b6cfe02b9,Insomnia Cookies,100,8.4,26
Manhattan,Chelsea,40.741865156976445,-74.00504632202929,4a284b61f964a52007951fe3,Fat Witch Bakery,144,8.6,67
Manhattan,Chelsea,40.7420846303374,-74.00559436109354,4a33b48ff964a520379b1fe3,Amy's Bread,198,8.6,107
Manhattan,Chelsea,40.74390335885238,-74.00650876382586,5a3023507247505942681e9e,Frankie Portugal,15,8.2,1
Manhattan,Chelsea,40.74075387324832,-74.0015083960489,4cd1d42cde0f6dcb316e7363,Empire Cake,232,9.0,122
Manhattan,Greenwich Village,40.72596815291517,-74.00125390305723,4b4c863cf964a52026b526e3,Birdbath Neighborhood Green Bakery,264,8.8,149
Manhattan,Greenwich Village,40.7251633496652,-74.00297583591562,4eb13d68e5e8c0f5bd2fd983,Dominique Ansel Bakery,2372,9.0,714
Manhattan,Greenwich Village,40.729065155940916,-73.99800068633789,4dd00c6d88778512441f5018,Mille-Feuille Bakery,168,8.5,95
Manhattan,East Village,40.72952615888893,-73.984342280321,3fd66200f964a5208be41ee3,Veniero’s Pasticceria & Caffe,897,9.2,301
Manhattan,Lower East Side,40.721385402295766,-73.98394925545875,40a55d80f964a52020f31ee3,Clinton St. Baking Co. & Restaurant,1668,9.1,932
Manhattan,Lower East Side,40.714581397158696,-73.98182855813101,4bde006d0ee3a593598c2fb0,Moishe's Bakery,5,6.1,6
Manhattan,Tribeca,40.71890887850094,-74.01033057718027,55aa9278498e32cd646a30e6,Maison Kayser,114,8.7,15
Manhattan,Tribeca,40.7200760835469,-74.00565061546854,4a01e214f964a52005711fe3,Grandaisy Bakery,170,8.5,94
Manhattan,Little Italy,40.71744962394581,-73.99837323694786,3fd66200f964a520bce61ee3,La Bella Ferrara,161,9.1,91
Manhattan,Little Italy,40.72159493364086,-73.99749153217225,49ee25b6f964a5202b681fe3,Eileen's Special Cheesecake,634,9.2,234
Manhattan,Little Italy,40.71676493044495,-73.99787389276216,482c4142f964a520d14f1fe3,Fay Da Bakery,132,8.6,56
Manhattan,Little Italy,40.7168862755231,-73.99803662360377,49eb223ff964a520a6661fe3,Tai Pan Bakery 大班,215,8.2,83
Manhattan,Little Italy,40.71651806515868,-73.99895204041454,4b79a8d0f964a52030092fe3,Lung Moon Bakery,98,8.8,42
Manhattan,Little Italy,40.71748255654752,-73.99953247138122,4a75cfdff964a52056e11fe3,Sweets Bakery,76,8.1,52
Manhattan,Soho,40.72159493364086,-73.99749153217225,49ee25b6f964a5202b681fe3,Eileen's Special Cheesecake,634,9.2,234
Manhattan,Soho,40.723515651165286,-74.00344360363695,53ab0af5498e13bffddb8d96,Pi Greek Bakerie,242,9.0,56
Manhattan,West Village,40.735885560699764,-74.00514884838778,3fd66200f964a5203be71ee3,Magnolia Bakery,1167,8.9,433
Manhattan,West Village,40.73442929959942,-74.00620482734881,512e5398e4b01d7d36f95f00,Sweet Corner Bakeshop,122,8.7,40
Manhattan,West Village,40.73482284737843,-74.0020456021696,551dc635498e1c00cdfd2a53,Dominique Ansel Kitchen,512,9.0,130
Manhattan,Manhattan Valley,40.80047662802329,-73.96799885744083,42659b80f964a52033211fe3,Silver Moon Bakery,161,9.0,79
Manhattan,Gramercy,40.74126115220162,-73.98128369181272,4a4bf8ccf964a520eeac1fe3,La Delice Pastry Shop,49,7.7,27
Manhattan,Battery Park City,40.70988976935566,-74.01159770226452,589fa21e06f1a341b56346f3,La Pasticceria di Eataly Downtown,10,8.2,0
Manhattan,Financial District,40.70988976935566,-74.01159770226452,589fa21e06f1a341b56346f3,La Pasticceria di Eataly Downtown,10,8.2,0
Queens,Astoria,40.76513213736737,-73.91769587859852,509eb60fe4b0872dbd6b1467,Leli's Bakery and Pastry Shop,92,8.8,19
Queens,Astoria,40.76558816210546,-73.91914421375938,59595e89f4b5252a6744f8c3,Chip,69,8.8,26
Queens,Astoria,40.766443220617624,-73.92034069362454,4f81cc8be4b0a6d0b766ce67,New York Bakery Café,12,8.4,10
Queens,Astoria,40.76526421474289,-73.9138315334348,4caefd2e562d224b09140a88,Vaccaro Bakery,8,7.6,3
Queens,Astoria,40.76740126221978,-73.92104404665905,4afc9262f964a520002422e3,Yaya's Bakery,7,7.7,3
Queens,Woodside,40.745836089217114,-73.90211547639107,5807f4fa38faea9879575f81,Fay Da Bakery,13,8.2,1
Queens,Woodside,40.745406837473084,-73.90342289449981,57c9da7b498ea48112562973,Rainbow Bakery,8,8.1,2
Queens,Woodside,40.745899237512155,-73.89901100952764,4b4f6549f964a520af0427e3,Red Ribbon,91,8.0,34
Queens,Woodside,40.745502433421564,-73.90593178470648,4b019669f964a520a84322e3,Rico Pan Bakery,14,7.6,10
Queens,Jackson Heights,40.750018002261626,-73.88129072062281,4c3fa103e26920a1e3c25be7,La Gran Uruguaya Bakery,73,7.9,19
Queens,Jackson Heights,40.755731001087646,-73.88420311978082,4b93dd4af964a520f85534e3,Seba Seba,20,8.2,17
Queens,Jackson Heights,40.75538822938919,-73.88642903564931,4be5c3682468c928f4820043,Variety Bakery,6,8.0,8
Queens,Jackson Heights,40.75043056608339,-73.8779512662232,51d95544498e5972aaca5510,La Abundancia,6,6.5,1
Queens,Corona,40.74611728794566,-73.85974892929815,4be47caed4f7c9b687382420,Mama's Backyard,12,6.8,1
Queens,Corona,40.742987,-73.857689,4d86469cf1e56ea81a9a9a8a,Lisa Bakery Inc.,0,0,0
Queens,Forest Hills,40.72167589328224,-73.84436855633295,4b48d147f964a5206f5826e3,Fay Da Bakery,81,8.4,37
Queens,Flushing,40.76157406207356,-73.83105760283283,4ad1023ff964a520eadb20e3,Maxin Bakery,15,7.5,13
Queens,Flushing,40.760663018474624,-73.82926844349444,4bb92b2598c7ef3b95e03102,Paris Baguette,140,8.1,76
Queens,Flushing,40.76098521358553,-73.83076551893204,4a19b74af964a5203d7a1fe3,Tai Pan Bakery 大班,43,7.1,25
Queens,Long Island City,40.7501,-73.940677,5c421048dbde11002535721b,Chip,4,7.5,4
Queens,Sunnyside,40.73968122217404,-73.92476940874033,4b7ff78ff964a5207c4730e3,Nita's European Bakery,31,8.3,18
Queens,Sunnyside,40.743815639239465,-73.92460411393647,4be89308947820a13f16b5db,La Vienesa Bakery,3,7.5,7
Queens,East Elmhurst,40.76834969594986,-73.86775239732003,4ce6b226948f224b8677e55d,Big Bread Bakery,0,0,0
Queens,Maspeth,40.726481395697554,-73.89468009608129,4bf5280594af2d7f0f563b72,Glendale Bake Shop,7,7.4,5
Queens,Ridgewood,40.708992551382075,-73.90638495281291,4c4c8221f7cc1b8da3d46c41,Grimaldi Bakery,37,8.1,13
Queens,Rego Park,40.73145604737717,-73.85988564755635,4e6bf3d91495f3492556f1c8,Rego Park Pastry,9,8.4,3
Queens,Rego Park,40.73013621565319,-73.86157994325103,58a223ad01f07763d106022f,Paris Baguette,14,7.9,2
Queens,Rego Park,40.732417272485726,-73.85687957310599,4d3237e35c2db60c10f1bf6c,Tandoori Food & Bakery,13,8.0,3
Queens,Rego Park,40.72650660404446,-73.85308336045614,4bf92790b182c9b64778785a,Andre's Hungarian Bakery,12,7.4,9
Queens,Rego Park,40.725746464314504,-73.85938882827759,4e7e03e9108148acc635e065,Rokhat Kosher Bakery,4,7.0,4
Queens,Ozone Park,40.680206,-73.84526,57b78700498e1068fd3b6a0a,La Bonanza Bakery,0,0,0
Queens,College Point,40.78134891385922,-73.8459467157212,4c73daca4bc4236af1e8ce7a,Au Bon Pain,0,6.1,1
Queens,College Point,40.78127355366138,-73.84093284787492,54cd2b4e498e27d6209a172f,Bakery De Point,0,0,0
Queens,Bayside,40.76540402414712,-73.7718613465587,566e263c498e6356a9f22248,The French Workshop,102,9.1,24
Queens,Bayside,40.76342158931668,-73.77097077434549,4a972133f964a520982820e3,Martha's Country Bakery,303,9.1,104
Queens,Little Neck,40.76706443853265,-73.7384237354643,51ccbc60498eb28875eaf9ce,Koryodang Bakery & Cafe,7,6.8,1
Queens,Little Neck,40.77224142438055,-73.73422459738381,4c36177aae2da5937b95fcc5,Red Lotus Bakery And Cafe,3,6.6,6
Queens,Little Neck,40.766959,-73.738608,58d70f6513c223684a08c84b,Le Bbang,0,0,0
Queens,Douglaston,40.76706443853265,-73.7384237354643,51ccbc60498eb28875eaf9ce,Koryodang Bakery & Cafe,7,6.8,1
Queens,Glen Oaks,40.75061862211184,-73.71547608876992,50bf7bc8495e58eda3aca16c,Panera Bread,1,7.2,0
Queens,Queens Village,40.716799,-73.73527,4ecd057e93adb82fbc6a039b,Pates Plus Bakery,0,0,0
Queens,Hollis,40.71237516015064,-73.76442383298371,4e20ee09b0fbdf9ba7a52206,Avenue Z Desserts,0,0,0
Queens,South Jamaica,40.70057060984784,-73.78886841398413,4c1e31d5fcf8c9b61ad6ac0b,Wonder Bread,0,0,0
Queens,Cambria Heights,40.692256572185975,-73.72969927346051,4cdc56f7c409b60c69f1d91a,Tiffany's West Indian Bakery,0,0,0
Queens,Steinway,40.773923671332845,-73.90755541772256,49c68da1f964a5205b571fe3,Martha's Country Bakery,463,9.2,159
Queens,Bay Terrace,40.77988541107938,-73.77575755119324,4ac3a1a9f964a5201f9c20e3,Panera Bread,116,8.0,50
Queens,Murray Hill,40.76351698968787,-73.80917270293376,4c7ec19101df37047e3ce4ac,Paris Baguette,49,7.3,24
Queens,Queensboro Hill,40.74571425282124,-73.8259117918444,4b65cec8f964a520fe002be3,Yeh's Bakery 紅葉,31,8.3,9
Queens,Queensboro Hill,40.743241166321226,-73.82572613193412,4bd18796462cb713734eda07,Tea Shop 168 & Bakery,25,8.0,12
Queens,Lindenwood,40.66311725469125,-73.85415356209955,4c5060002a73c9285d4869d2,La Torre Bakery,0,0,0
Queens,Lefrak City,40.732813,-73.863335,4dbf345afa8cc78a860cbc44,Panera Bread,135,8.5,52
Queens,Lefrak City,40.738306,-73.865005,4ca7c31ca6e08cfa85408894,Best Taste Bakery,0,0,0
Queens,Belle Harbor,40.57832759678173,-73.84935544127949,4b65d144f964a520ae012be3,Ciro's Pastry,4,6.8,6
Queens,North Corona,40.75776161011041,-73.85989068541006,523f920611d26ef616737c7c,mi casita bakery & restaurant,0,0,0
Queens,North Corona,40.751381751606,-73.85313131436446,4c83c433dc018cfac038db6c,Beky Bakery,0,0,0
Queens,Forest Hills Gardens,40.717103617695436,-73.8405707302451,4bb0fa35f964a5208d6f3ce3,Bonelle Pastry Shop,20,8.6,13
Queens,Forest Hills Gardens,40.718199821536025,-73.8407061863382,4f32391f19836c91c7c24a46,Michaels Bagels,9,6.7,4
Queens,Forest Hills Gardens,40.718828915623554,-73.84139494140518,56d22cedcd1004ac34362cc7,Violets Bakery,9,6.3,4
Staten Island,Rosebank,40.614347,-74.066437,4f321df019836c91c7b79e65,Rispoli Pastry Shop,0,0,0
Staten Island,New Dorp,40.57330904848907,-74.11506337218066,4f1ee4b5e4b01dbd1eef8d79,Piece A Cake,56,8.2,25
Staten Island,Eltingville,40.54503688560972,-74.1608523375123,4dfb7c9d52b145696e36ea1a,Alfonso's Pastry Shop,14,7.8,2
Staten Island,Woodrow,40.5427354995785,-74.20666326003705,4cafa11f39458cfa2505fc9f,La Dolce Bakery & Pastry Shoppe,6,7.0,2
Brooklyn,Wingate,40.66420580050088,-73.93994591979582,51338b7be4b0b7da6575c098,Matzah bakery,0,0,0
Staten Island,Grasmere,40.59865725699913,-74.07993922300867,4d13c6941356a0930b60c382,Buono Bakery,8,7.1,3
Staten Island,Old Town,40.59564749922971,-74.08576326774498,4b6c648bf964a5205d362ce3,Royal Crown Bakery,175,9.2,55
Staten Island,Pleasant Plains,40.523312,-74.216123,4e10a6b0a809291902afb275,La Dolce Bakery & Pastry Shoppe,0,0,0
Staten Island,Charleston,40.5264137,-74.230862,4bf80e544a67c928c3a324cf,Panera Bread,47,7.9,12
Manhattan,Carnegie Hill,40.77938181580607,-73.95355942978318,53e4c5b2498ea330eb3c8083,Maison Kayser,176,8.5,48
Manhattan,Carnegie Hill,40.78380094013877,-73.95668704790415,563633d6498eb48583296b62,Noglu,31,7.9,20
Manhattan,Noho,40.72120722693385,-73.98869021932823,553e9f0c498ee150ff0fb0a1,Insomnia Cookies,42,8.6,10
Manhattan,Noho,40.71996882192281,-73.99002536853604,5b5266fd8d0a53002ce074e4,Joey Bats Cafe,24,8.9,8
Manhattan,Civic Center,40.71707213063327,-74.00660521707641,537b5258498e262a54b47216,Arcade Bakery,283,9.5,79
Manhattan,Civic Center,40.7163977921964,-74.00503245546732,55c9f1d4498ec54b4dc2b3b9,Woops!,41,8.3,8
Manhattan,Civic Center,40.713652845301894,-74.0088038953017,4c154c9a77cea593c401d260,Takahachi Bakery,647,9.3,197
Manhattan,Civic Center,40.717893769266055,-74.0044555917205,4a41578df964a52028a51fe3,Billy's Bakery,69,8.1,59
Manhattan,Civic Center,40.718883589638345,-74.00497068897842,54346275498e3d6955212743,Baked,263,8.5,64
Manhattan,Midtown South,40.747923074645605,-73.9871543940469,4fe4c53fe4b065cd6ec6b9e9,Tous Les Jours,518,8.3,157
Manhattan,Midtown South,40.747191,-73.986069,4c892b0f7223b1f7dfb031a8,Paris Baguette,325,8.3,158
Manhattan,Midtown South,40.74703291082798,-73.98508913978884,5aad4270fdb9a77b0beaf14f,Keki Modern Cakes,27,8.8,7
Staten Island,Clifton,40.61664818215606,-74.06807005405426,4e50110d81308c328c68d02f,Jackie's Cake Boutique,0,0,0
Brooklyn,Mill Basin,40.61352499162599,-73.9123473320899,4fa01114771667127b8c59d3,Duet Bakery,8,7.4,3
Queens,Utopia,40.73023643644892,-73.79347572478684,55eb1739498e930c946c0107,Lulu's Bakery,0,0,0
Queens,Astoria Heights,40.76810385477303,-73.8947197680026,4bed5e663372c928137f1114,Friendly Bakery,4,6.6,5
Bronx,Claremont Village,40.83054,-73.8971,4f3263e619836c91c7d31de0,Johnny's Bakery,0,0,0
Manhattan,Sutton Place,40.76191895111942,-73.96639659157101,4e7393931495dffb8efa57da,Magnolia Bakery,419,9.1,131
Manhattan,Sutton Place,40.756645146573284,-73.96681654390507,528c0a8411d22d20135e7756,Eclair Bakery,133,8.7,35
Queens,Hunters Point,40.746012,-73.955319,544a5572498e767f7736dc5c,Cannelle LIC,89,7.8,27
Manhattan,Turtle Bay,40.75598459662436,-73.96776579040562,46102377f964a52025451fe3,Buttercup Bake Shop,97,8.6,68
Manhattan,Flatiron,40.74000342692664,-73.9897301549147,51e729c2498eb3383944116b,Maison Kayser,750,8.8,182
Manhattan,Flatiron,40.73878463940231,-73.9925590115783,4079dc00f964a52070f21ee3,The City Bakery,1288,8.7,663
Manhattan,Flatiron,40.73661,-73.99181,503fb6d4ebca66a84f029bd8,Breads Bakery,1195,9.4,305
Queens,Sunnyside Gardens,40.742535689872454,-73.91887849700034,5834df25102f475d15a3cd1a,Paris Baguette,21,8.5,3
Brooklyn,Fulton Ferry,40.70332768198457,-73.99125319992555,43504680f964a520b0281fe3,Almondine Bakery,258,8.7,144
Brooklyn,Fulton Ferry,40.70331749805021,-73.99069403085525,4f21bb85e5e872143c0ca04b,One Girl Cookies,501,8.4,169
Brooklyn,Vinegar Hill,40.70257934186069,-73.98670150974452,52b204c0498efe3c3be32d91,Burrow,137,9.3,31
Brooklyn,Dumbo,40.70257934186069,-73.98670150974452,52b204c0498efe3c3be32d91,Burrow,137,9.3,31
Brooklyn,Dumbo,40.70332768198457,-73.99125319992555,43504680f964a520b0281fe3,Almondine Bakery,258,8.7,144
Brooklyn,Dumbo,40.70331749805021,-73.99069403085525,4f21bb85e5e872143c0ca04b,One Girl Cookies,501,8.4,169
Brooklyn,Homecrest,40.59889803232378,-73.9561624010064,4c9e27ea54c8a1cdabb68a4b,Ka Ka Bakery,7,6.8,8
Queens,Middle Village,40.712880896825084,-73.87826234966988,4fbd034be4b0d314f1cb2d5f,Las Tias Cafe Bakery,5,7.5,5
